companyName,company_starRating,company_offeredRole,company_roleLocation,listing_jobDesc,requested_url
Enterprise State of the Art Software,NA,Software Engineer Internship / Trainees /Freshers (Only Female candidates),Chennai,"Only Female candidates No work experience required, free professional training and mentorship for the right aspirants Any degree (UG/PG) from a recognized University Graduates with year of passing out (YOP) is between 2012-2022 English knowledge is a must Good problem solving and analytical skills Highly passionate, energetic and hardworking Flexible schedule Day shift Flexible shift",https://www.glassdoor.com/partner/jobListing.htm?pos=105&ao=1110586&s=58&guid=0000018397a949f9b53d6265e2ed979f&src=GD_JOB_AD&t=SR&vt=w&ea=1&cs=1_9b117a31&cb=1664696798371&jobListingId=1008164667709&cpc=9908D8D4413DBB8A&jrtk=3-0-1gebqiigqkhrb801-1gebqiih9ihnu800-c39930308d723f53--6NYlbfkN0ChgDlOsPEKmSf1iDCPjjJ1fHLmph5jM-hv9I-o0Zov7x-DT7jhg8ePJLNuenrIB7pUMn9gp9cBlWf4zBfWOkLdrsETXvb9hNHNWuJYFpPygRrgZkLV2SVsrNJc6Eu2HAn9I_IvnIa_xiC67ARVSFwK6IQDLeUi_Sm0mp_Qq-ItLgXwt2gmOTUzaLN0fZTGMc3yThiNSTx7GFLAEsxwnvVjfV93i-NWUca6JV7giwrBOaeMD3jMv4rW1RzfDYTcRSz-YbdsrAOdqvXHwOsBFoBKtPxApwvG5CSG4x7KXfzgFOl4aporOA7-iiEsajFz3v8Wln6t77O12oYp5B6Gw9JMSLm-6BGRTuJ5vHKVlkCLFz6p-GzPFMRt7rC-aCCR-mozl9A-R3ik0yBH6_IulbMVN2HMxdBDshHaE9ZiaqEeLwvwCQQpE4AmHqnNmydtNDuiZb5QTlNedXMIyFd24xutT0qK8_4F0L-YnGRVqJY0JrHNZOnCsudU7W7Q-8ckUVOaWyRSoAsfycVZtxHMAwR3DP7CkaEpNf10pSWqChEHnTM8jvad3eX_2_41tmJh5X8%3D
COGNITIVECLOUDS SOFTWARE PRIVATE LIMITED,NA,Java Developer,Bangalore,"At least 1 year of experience with Java Development Good with OOPS, OOAD knowledge Good with programming skills Knowledge on databases (e.g. MySQL) Good Knowledge on REST APIs Write well designed, testable, efficient code. Day shift Monday to Friday Bengaluru, Karnataka: Reliably commute or planning to relocate before starting work (Required) If offered, how soon can you join? Java: 1 year (Required)",https://www.glassdoor.com/partner/jobListing.htm?pos=101&ao=1110586&s=58&guid=0000018397a949f9b53d6265e2ed979f&src=GD_JOB_AD&t=SR&vt=w&ea=1&cs=1_4ede8e97&cb=1664696798370&jobListingId=1008118315661&cpc=9908D8D4413DBB8A&jrtk=3-0-1gebqiigqkhrb801-1gebqiih9ihnu800-89b149501ccf419a--6NYlbfkN0CviQM_bC1dXdMQsQMJAoqV_ywuSy8uhc0R6ydfGHKulVw7_Wut9E8k72z-W3pU_XdE2xtciGPYHUT1H7RrctRROl4zC0iIZAN2-tJLuusAXO7stXrSyps1EnbSswLex1yIQiu5v7l350o3ereUChMjjt8g_ITn9n_SQ_RAqFm0HzXbnd8l7NT2RGwrld42l89HndgJYXyf2XG-s8uEuTsh_M0mF9FPocCYgcDC5NSaG9qtUQtHan6EDYjBOCwcMaZt22B0dSu414tb_yFlaEfi0ypPymqRXHppSAoCqalBzRyFC25HND1JKUYfM1abOouVCAy9_vG8HoAEVQQ83UcedyYn2KaVunyE3F3Eiez4w-AXjk7JKOIyfRef3hsWObalSlFXPUn-TKMIo3pF3mS7Zs3wpxmC9xPVP6jFJBdD7eFMk2-aKPEhlucR9cCsHNIh7oEIf0QRNyXH02o-A_UzBorfGIUhO4OCqqMs-7ILmTMazSO-ysjy
Intuit,4.5,Software Engineer 2 - Frontend,Bangalore,"Overview
Our formula for innovation begins with agile, cross-functional teams that welcome diverse perspectives and embrace collaboration. Inspirational working environments help spark fresh ideas, with state-of-the-art technology and creative workspaces that allow our team to decide how they want to work. And our shared commitment to make a meaningful impact for our customers helps us push the boundaries of technology to uncover new possibilities. If you have a commitment to excellence and a passion for innovation, come join our team.
What you'll bring
How you will leadShow more ",https://www.glassdoor.com/partner/jobListing.htm?pos=116&ao=1110586&s=58&guid=0000018397a949f9b53d6265e2ed979f&src=GD_JOB_AD&t=SR&vt=w&cs=1_08efb718&cb=1664696798372&jobListingId=1008159681637&cpc=8795CF9063CD573D&jrtk=3-0-1gebqiigqkhrb801-1gebqiih9ihnu800-d1958fe94b45d918--6NYlbfkN0BKYl3zWsktiTMfhnn8eMRsNrNhPXFqHgxANdB9sZgO2kr3SSER2lZNJcRl7S-J_mapkkQgKpRLjXbGSii09YcA5j0-NFJt4BYagy0-631J9TTByp3fp8D-SW_6ASQ3gF7-5UkT_64Bpe5MRwOZpmejNEsQo3XSIbVfD_ejFR_hxTAhaRVI050EkrTCH88V-884m3horbJP7eD9bTcH6GI2pBtEqpjXGI7GpRNWwOHyVdXK3yO7_W99R_Nkai_aKKE7MAT8VJw3inWkvU5mSy5GBmD8Ydytb2M_l2XL2TcC3gJq_GNH4KCT9DTo93MauMSthWQYBKM4xZ_HlBrJA_SQNR92L6q-aWmHLZScntOlW9PgWxkuWnVU4VXRL4dyX5OcQWmm3r_VlMkK5c6ZwXZ3f8lCXdhhFrK1yl0G_c7x-Oz620PiqP6mAFlmWlbSBcp3uyg06waYJ4S3phV7HANJVVV7cbfOpBlxZAO_d0yhQNlxa9VI16Rgydqljnfklo7Jz0jnBe5qyF7nYgjNMy8G5vrWnoNBfft280DP_SsESE_GGi8fltq9LaAIf-VTarnOYAHVi3os_kSKkRN0C-M4Zcy0ZlZunFQ%3D
Cloudstaff,4.6,Senior Software Engineer | WFH,Remote,"Analyze and optimize application code and/or APIs for efficiency, scalability, and performance, ensure it meets industry standards, is valid, is properly structured, is secured, and is compatible with browsers, devices, or operating systems. Collaborate with other team members and business analysts and ensure the project is consistent with architectural standards and design. Involved throughout the application development lifecycle from design, development, and release. Work with the UI/UX designer and bridge the gap between graphical design and technical implementation. - Supervise a team and review team member performance. Supports and develops software engineers by providing advice, coaching, and educational opportunities. Document development procedures, specifications, designs, and phases Work From Home Morning Shift C# (Minimum 5 years) Javascript (Minimum of 3 years) Angular (Minimum of 3 years) Azure DevOps (Minimum of 2 years) TypeScript (Minimum of 2 years) Vue Js CI/CD Morning shift",https://www.glassdoor.com/partner/jobListing.htm?pos=121&ao=1110586&s=58&guid=0000018397a949f9b53d6265e2ed979f&src=GD_JOB_AD&t=SR&vt=w&ea=1&cs=1_fd47abfb&cb=1664696798373&jobListingId=1008169450640&cpc=654405A9B1E0A9F5&jrtk=3-0-1gebqiigqkhrb801-1gebqiih9ihnu800-5078e82de5fff33a--6NYlbfkN0CQQqBaQlcAn2GiqR6lBglIS0esshPbe9JnqIpgzl2Ndl_EusFBUEx5WHFiKG-_s94Yrk2xSnsSPLDwJj47GAiH3qxXr1fvC6Zpnh6XpptPSfODCaGXjmT7GDnDRQP1aaRdLLOqMQj5Yc66_CIiixHyWklaeYYDEaiELnh6qzKBy5BqGgn3l6uufsLzrp0Fm7vzypopzqGkLU2fMQExLR5-M9-SN2-hAnU3yVfKKWbDEGsC_N2r6aQS7DtTgbUs25IiBvZrllMwU8jjOBEnl01e0OL3xirqjBLlyDeGvFg0yC1jpmp_3jRFZS5eMBWNI6Fwo7CBmLLzavVOPRu4T7zwD1RJShvS9zO5R-Knf0wmjGaEub4hlH8Mq4vk8xKdDVfYY6TVn9A9qXL_gOSpc2drG809oOvXkqitWvkS7c45c9fBFVHa0cyYUN5XE9q1gYD29yVtH1uFY6jS4OijHwks8VeWjvg71YUq8kpeWV_DtYQnaqbWlSIROPU_u9uYUFHw_U91fjrma5GViL6ZIr66
Google,4.5,"Software Engineer, Engineering Productivity",Bangalore,"
Bachelor's degree in Computer Science, related technical field, or equivalent practical experience. 5 years of coding experience in one or more of the following languages: C, C++, Java, or Python. Experience in computer science, data structures, algorithms and software design. 
Passion for automation and optimization, as well as to develop tools to help other Engineers.
 Lead and contribute to engineering efforts from planning and organization to execution and delivery to solve complex engineering problems in tools and infrastructure. Design and build tooling and infrastructure to help engineering teams measure and increase their velocity. Develop tools to understand, model, and replicate production traffic patterns in pre-production environments, including some cases in statistical modeling and machine learning techniques. Analyze and decompose complex software systems and collaborate with and influence others to improve the overall design.
 Design and develop mobile tools and infrastructure that help us provide quality apps.
 Design and build advanced automated testing frameworks.
",https://www.glassdoor.com/partner/jobListing.htm?pos=123&ao=1110586&s=58&guid=0000018397a949f9b53d6265e2ed979f&src=GD_JOB_AD&t=SR&vt=w&cs=1_fc100058&cb=1664696798373&jobListingId=1006837001991&cpc=8795CF9063CD573D&jrtk=3-0-1gebqiigqkhrb801-1gebqiih9ihnu800-b996b9aee1a9708f--6NYlbfkN0B6LV1r5rpdxHXQFKF2tEJssbaTH9yAUMN6EqMbe2y0Qap5MuimmHaZjIPXhaheLdOdwN-MutL0KEmh-YSpmPELj6tazuTibSgEtBxXIivzzE-A_Qzaufljjm2wuvb4cPm9v2J4czPHSx3aVhdnsI1CK46UtFNc27zGm59ZZMr2lacvY-jPCc5hHXo8Zcxe3lYE_BQp3TiVQdTTy3c11JqlaefQpGZiERizZS4wa39wmQG8fDCXp9zq_vfuzu9IL_81KqcmDEEIukufZ9TTHT6CeSODbi20NzhNZtK1j2CRxGuwdDRVnUaKhNyPjScF3n2RSTyhZWzPLBESauRNidA6cSjVxrJJ5Oo-gKBI4AMkN1Z1cUHoKuzQXwOk6UUooBxVwyY5d56ikVd2ad8e9bmRmVuPK6jG106Kykc2Sr9-SvPuq739I7i-8XcqgtY4RGMlB4PG8a2XS4xouRgkw1h0Y-Ox2gSPv2Nat0cSXxFR0q67-wCrH6BfAqqiDjovmerLbp7vlt4LyELMJ8JngXfN0PGKyzdi9TjkAO3TFxC-o2-qvx3md5udNN22XZzSQp3wEU99PK5CJ9Q1xvDYigvd0J3s63EQnFM3fM2Mo9Oy05HuFfsJPE6zJTe-bcshA--NxWqqjUFRrQ%3D%3D
Newprodata,NA,Software Engineer,Madurai,Monday to Friday,https://www.glassdoor.com/partner/jobListing.htm?pos=107&ao=1110586&s=58&guid=0000018397a949f9b53d6265e2ed979f&src=GD_JOB_AD&t=SR&vt=w&ea=1&cs=1_af8b1ecd&cb=1664696798371&jobListingId=1008159781004&cpc=2CAED5C921A5F994&jrtk=3-0-1gebqiigqkhrb801-1gebqiih9ihnu800-8900d554d018956a--6NYlbfkN0AGPPlWHwVbzrMhQBqVv4Vy7ERfpfTa0DkO5NlDu6HaEWX69Dp4fu4tbqIkalzB6od0XAysbBbYWXrKmDhsbeh5Vztek8dCo6HQkf1PjKHVUGi-i1OuD3iNMX2fcsxC4AXMsb91eco9200Yf40yPuN4BPWWkboLjGNWofyodM2KFZjtaaPv-A_W2Sr31X16HUH9QE5ylDXVzyN5MDSRItXib9DWWgpojmd3KGCT3PFkiSBpbZAcTOL4tTQezizw_0N5ugJfBuX5BpUXPuOqCz3sa5L5kZiwPvA6eHuPq05gWMMG_DYycWQrrHbMvjOHW65w6Y4Zwu72e2B6Ayo1VEz86FBrkGGI9R3rn7G-a7aQxZnhpMPuj4qE7-umUAgr3zB2tFTcyPbIHp4Yytq3EIJzevsNVHxgtbsIE6kO4CLGA8e0Ezi9fMWDPbqlBdeJllKkhi3A5TgEnfMuKhu1EAPhKi59tZ60Wif1EgZX1qGsq3mlWvpb0qyE-BVs9ddTMus%3D
Cloudstaff,4.6,Mulesoft Developers,Remote,Expert-level knowledge of Mule ESB 3.x/4.x Hands-on experience in Building interfaces on the Mulesoft ESB platform Knowledge of administrative aspects of Mule ESB Work From Home India-based Morning shift,https://www.glassdoor.com/partner/jobListing.htm?pos=115&ao=1110586&s=58&guid=0000018397a949f9b53d6265e2ed979f&src=GD_JOB_AD&t=SR&vt=w&ea=1&cs=1_965f816d&cb=1664696798372&jobListingId=1008169448916&cpc=F41FEAB56D215062&jrtk=3-0-1gebqiigqkhrb801-1gebqiih9ihnu800-5807a900b6a27243--6NYlbfkN0CQQqBaQlcAn2GiqR6lBglIS0esshPbe9JnqIpgzl2Ndl_EusFBUEx5WHFiKG-_s94Yrk2xSnsSPHOQXKygM7iRpz3Dd9TJy2_z1sNX0m5yrP8uu6rH25KI775iVIGBZeaOWMbz6YSl6BKvUCYoxSPfDyRUf7f_AShme5L0WUnlGS1bdm2xkat3bdxJz83i3dp-7-7iiW5NIBL9mRcSmekuLFDS_pQK0CNeQFxzaZ7VVOafwZNdJspZLP3N7L82F4rroiVNNV65O4xSPlN72Du9p8OMKeWqCTSNb0txyFaHK58kGFqPjodxq1dSJErfCZ0lQvydp22FbRXP_r0keA_xUygCn4qEwYBOFN-sMyNKCM2ssGz5I8vxj4pp-ynpkBZ4WXl1oelWoVivcuaNXarFfzKk8Pm74CKY-pq3vC-cZtzKHb7wUgbVT8M21cxjBhbba0n1VAaltXyqNSbuvsN51GIgY4zec9mtdAB178UPFHgv-kDy7W893_GKV5xcwjOpG4ToapfScg%3D%3D
Impetus Infotech India Pvt. Ltd.,4.2,AWS Cloud Data Engineers,Bangalore,"Hands-on experience with AWS services from Compute, Storage, Networking, and Security components. Having deep knowledge of VPC configuring, Private/Public Subnet, NAT Gateway, ELB with EC2, Lambda, S3, EBS, EFS, Glacier, RDS, SQS, SNS Cloudwatch, and Cloud Formation. Hands-on experience with using Cloud Platform provided Big Data technologies like EC2, EMR, RedShift, S3, Kinesis. Hands-on experience in programming languages like Java or Python or Pyspark or Scala or SQL/PLSQL. Having a deep understanding of IAM Roles, Policies, Users, and Groups. Hands-on experience in setting up Cloud platforms for use-cases. knowledge in Big Data technologies – Hadoop, Pig, Hive, and Spark. Experience in migrating a workload from on-premise to cloud and cloud to cloud migrations. Excellent communication, presentation, and interpersonal skills are a must. Flexible shift How many years of work experience do you have using Amazon Web Services (AWS)?",https://www.glassdoor.com/partner/jobListing.htm?pos=103&ao=1110586&s=58&guid=0000018397a949f9b53d6265e2ed979f&src=GD_JOB_AD&t=SR&vt=w&ea=1&cs=1_981c18bd&cb=1664696798371&jobListingId=1007334118316&cpc=2CAED5C921A5F994&jrtk=3-0-1gebqiigqkhrb801-1gebqiih9ihnu800-54ae5b809131fd35--6NYlbfkN0AGEVbZ2_EvqOrNbUUcdLvwezuoK2AEzvuLfn6UI04WCipH-fDPeMV5RkEJh0bkYz4K0UUas3pQOOY3dLcSwtoy_lNLp3xqLjXGPBp_qgTmwFNAJMlJDSda4wLwcdNBcQhWo0-wy4hYTymhsLG0VuHHlO0hgKlYPgOWl0rzm74Qi6DeXXXmWX6r_TLBF-_4felzS8J8NkITJxkGu6BrNy_ehocSCl5Oxycc5Lr3s6Svm8m569MSQj5vrmaL-84GxkdvW3POe1x48FOJa9GGm8jVI5jHk9yC0KtlEqMwGEB_qLLLx8kT4wSWjn9r2cZ68KbKUtBJqYgn-4voLPIPVSnH5AWmtTxBHWqE-asYd-AHcno2pSoh4PGzmjZLVkW9O9uIiA25ZzUbNgo8B6_CKlYjSF9TfW-yXEuy7UftbvhS13rP2EzY__5C5g432GwWxvoyuP62Hh-i4x73vriT-xTLNlnq-Xka8CslFk6ld87NrFEQ909MKcfxjVJI1oJUfoGxU1N7QbAzJw%3D%3D
Google,4.5,"Software Engineer, Google Cloud",Bangalore,"
Bachelor’s degree or equivalent practical experience. 1 year of experience with software development in one or more programming languages (e.g., Python, C, C++, Java, JavaScript). 
Master's degree or PhD in Computer Science or related technical field. Experience developing accessible technologies. Write product or system development code. Participate in, or lead design reviews with peers and stakeholders to decide amongst available technologies. Review code developed by other developers and provide feedback to ensure best practices (e.g., style guidelines, checking code in, accuracy, testability, and efficiency). Contribute to existing documentation or educational content and adapt content based on product/program updates and user feedback. Triage product or system issues and debug/track/resolve by analyzing the sources of issues and the impact on hardware, network, or service operations and quality.",https://www.glassdoor.com/partner/jobListing.htm?pos=125&ao=1110586&s=58&guid=0000018397a949f9b53d6265e2ed979f&src=GD_JOB_AD&t=SR&vt=w&cs=1_c82f64a6&cb=1664696798374&jobListingId=1008171558622&cpc=451933188B21919D&jrtk=3-0-1gebqiigqkhrb801-1gebqiih9ihnu800-8d638ed281b047e5--6NYlbfkN0B6LV1r5rpdxHXQFKF2tEJssbaTH9yAUMN6EqMbe2y0Qap5MuimmHaZjIPXhaheLdNxxFko7RVYekOV-XlPa1u3QOokYaOx0dZfBW-UDiFF2DpjRqh2zvQ9Xrcw3MT3IPBZ0UyAG1YQ4mCpMsNxNa1xZTvcgW3G9KeV5tKI3aCmDCJfBfmOESdrfqHGR1XQw12ExMwlVxVMpVNmMwYfvl6Ovo1unv6k3aU2NW4vnd-s-MQOYyuJDV28wusMUnusFxYkZwRfVjC3N9NriM0ZdYs3oaNLJhDL_7n7LSt6hGIlJ0LqihAiFhN5WzhPSpQLc-j0r-SjUxt-Oaifph1L5ATBKpx83jkZQ4k1GzxYYSOotZPjf0PMqBG2YjMAl4UhNmE1mS_MMCi5WRZw-p_Q8MIwbdOl80jUYC8WtpQ8SXcZceNwl9iSBore6yyfeyki1Jg3DQn9KRTAW83Rk3BUDgMdwvq9A_7bbfCJFMSLqPdLgxI1_3xWyBDmUaDFSDeZoO6iF2AtWSUzG2F592UTyyNAQO4J4uRlvsVVGxF2GpG_LYA9JFZSdsPQglRvPJgU9JrWbyqzXDlKcQgPndeRnWTjzv146EPVubHNtnTAsavmrOfKetycvDRaAdlSxGa-FTSLARpqVyE45w%3D%3D
FrogData,NA,Software Engineering Manager - Python / Data Analytics,Bangalore,"Build an innovative analytics software product (core technologies: Python and pandas) Lead a team of software engineers Design, develop, and enable technology direction Establish software engineering processes and discipline for fast and reliable development of high-quality software product Build and maintain an autonomous, intelligent, scalable, highly-available and reliable system Work with cross functional teams across multiple countries and time zone Bachelor’s degree in Computer Science, Information Technology or Engineering At least 7 years of IT experience overall At least 4 years of experience on analytics, business intelligence (BI), ETL, and data quality At least 4 years of experience with python, pandas, numpy, and MongoDB Skilled with Python, pandas, AngularJS, flask, MongoDB, SQL, numpy, scipy Analytics Data Pipeline In Python, using technologies such as Luigi, Celery, etc. Leading an engineering team, defining architecture, driving an independent project DevOps technologies and processes Business Intelligence (BI), Extract/Transform/Load (ETL), and Data Quality Decision Analytics Data Preparation, Data Quality Assessment, Metadata and Master Data Management Operations Research (optimization using LP, simulation) and Decision Analysis Statistics, Machine Learning and Data Visualization Food provided Health insurance Day shift Bannerghatta Rd, Bengaluru - 560076, Karnataka: Reliably commute or planning to relocate before starting work (Required) total work: 10 years (Required)",https://www.glassdoor.com/partner/jobListing.htm?pos=110&ao=1110586&s=58&guid=0000018397a949f9b53d6265e2ed979f&src=GD_JOB_AD&t=SR&vt=w&ea=1&cs=1_f6fd50ce&cb=1664696798371&jobListingId=1008143791309&cpc=AC285F3A3ECA6BB0&jrtk=3-0-1gebqiigqkhrb801-1gebqiih9ihnu800-d13312c7fed68b9a--6NYlbfkN0A6pJLOPJWv2iYFcLV-OOXWbAyGy2UjHh17k9XYz2HZDoY86zEig7ozgjMvCgTiHF042BiZhfIyuj_rHZHfXixC6gmgV2_peWgAFNeTcjwXXuasOAO7OEDV-rbd0DY2J2nTS29sLAXmKJbIzPhL-o6BJwUl6EpXGsteSx6DDzrQWs59bpI2Yr-kiq-Dt2Oyncpx0mlbp8ezNezeICEVRAk-oLacwJChZ8EbGr9ih_5CReov53XEJ7arnlXUYHBSyW4IXtZn18WN86T97nURAqT-qP6KbnfbuJL6P8KFWOJpB8v0IoVW2ijpucG46aTg7TY3afQCBznbDzeoIwFHMdTOek6wNyV62lg5fDaik2iUZJ4-l8xI6Y_TwFfbUFnVIal5vHZqyYaD0rQUSmGtwEhAraUZ9MPTYurKPo2h7l3vtpoE3eIg01hhySrimZrink_IDSke0BwHj8ZuI6hcoPkoSLr7fWrkxtISGo9_AQT41EiGPgmF_aZeyc9zb1lKfAW-gPc2TRQFwhiYPcDATrxLLi7Ece8ZVd0nP8yGckkNsg%3D%3D
Google,4.5,"Software Engineer III, Full Stack, Core",Bangalore,"
Bachelor’s degree or equivalent practical experience.
 2 years of experience with software development in one or more programming languages, or 1 year of experience with an advanced degree. 2 years of experience with data structures or algorithms in either an academic or industry setting. 
Master's degree or PhD in Computer Science or related technical field.
 2 years of experience with full stack development, across back-end such as Java, Python, GO, and/or C++ codebases, and front-end experience including JavaScript and/or TypeScript, HTML, CSS, etc. 
Experience developing accessible technologies.
 Write product or system development code.
 Participate in, or lead design reviews with peers and stakeholders to decide amongst available technologies.
 Review code developed by other developers and provide feedback to ensure best practices (e.g., style guidelines, checking code in, accuracy, testability, and efficiency).
 Contribute to existing documentation or educational content and adapt content based on product/program updates and user feedback.
 Triage product or system issues and debug/track/resolve by analyzing the sources of issues and the impact on hardware, network, or service operations and quality.",https://www.glassdoor.com/partner/jobListing.htm?pos=109&ao=1110586&s=58&guid=0000018397a949f9b53d6265e2ed979f&src=GD_JOB_AD&t=SR&vt=w&cs=1_ae3a8c76&cb=1664696798371&jobListingId=1008172398140&cpc=155EB9D5185558AF&jrtk=3-0-1gebqiigqkhrb801-1gebqiih9ihnu800-4a81f2b0405b44f6--6NYlbfkN0B6LV1r5rpdxHXQFKF2tEJssbaTH9yAUMN6EqMbe2y0Qap5MuimmHaZjIPXhaheLdPldmfVvOaq7eXDskSG-8Qv_tWymr9DAxXmapz9D16lN0mPo5Vc4l0eIQQFHKyDE6FyIG7VwBH61mi2d0uvdDkEpk1FHi1rjQrU5NAIhz2w_43m_bO0bw_lbQfthEn1N-pcIDeoDzZl1IbhBU37VMuR2FGmVbSJa5SvYrYZ2r97e8Nxr-xES-mM7qbyd0c09o9YuLCTM2MLgAi_o2h4__OOEiUDKI6w1fO8PlQWb0FLio8YPgcNSpUVeCkH8Ru5ZFW-x5zu1uyRIONIdKyw_c5zWWTkRXT9T0A5_sNuNbiYanc4kXp0FIphxd9oIpkcoSzqMVoacya2X1AZJbq1RR7tYEqQb1iP5nvUG87m5iF-MEgZHky3eRLWB63LeQUJPG0GYpu4out3lEsyHAoeaG0WgCWJKFC1HUR8xW8kY8ulUMJO7bvUMp1RCJwjNzlhNcjN3y_7WTAQTigpzEPanHC2B-rGb6y5r5myQAIGtWsHE-ZxbDOxbZqseQgVN7jA8noUdJfIuwBdHjGnSfxPUxnxu879dz5yuCvuzx8LVdizkPL6oMwIRxXfYvmuCExU_r49z__8oTAZWsJyGSsUqsMJ
Google,4.5,"Software Engineer III, Engineering Productivity, Google Cloud",Bangalore,"
Bachelor’s degree or equivalent practical experience. 2 years of experience with software development in one or more programming languages, or 1 year of experience with an advanced degree.
 2 years of experience with data structures or algorithms. 
Master's degree or PhD in Computer Science or related technical fields. 2 years of experience building developer tools that improve developer velocity, code quality and code health (e.g., compilers, automated releases, code design and testing, test automation frameworks).
 Experience developing accessible technologies. Write product or system development code. Participate in, or lead design reviews with peers and stakeholders to decide amongst available technologies. Review code developed by other developers and provide feedback to ensure best practices (e.g., style guidelines, checking code in, accuracy, testability, and efficiency). Contribute to existing documentation or educational content and adapt content based on product/program updates and user feedback. Triage product or system issues and debug/track/resolve by analyzing the sources of issues and the impact on hardware, network, or service operations and quality.",https://www.glassdoor.com/partner/jobListing.htm?pos=129&ao=1110586&s=58&guid=0000018397a949f9b53d6265e2ed979f&src=GD_JOB_AD&t=SR&vt=w&cs=1_942ce58e&cb=1664696798374&jobListingId=1008173669826&cpc=56C4EA4A1A191A49&jrtk=3-0-1gebqiigqkhrb801-1gebqiih9ihnu800-e84eaf71b9a03539--6NYlbfkN0B6LV1r5rpdxHXQFKF2tEJssbaTH9yAUMN6EqMbe2y0Qap5MuimmHaZjIPXhaheLdMGzYARSoWdtrXp5lwoJzH00HzAYOOdj6K411V1umYVJxEnR6-ldHuk1JZDhpsq9O6BperolLS7Z1pV1Nyhh5U3TjO0nqjm_zIUh2r0FAbZ7mfB4Cairaa74l0CCUug2i66dhEWLPoRv6m1rRLlwQ0sTqF1Nc0OxkKZOtSJncSpkgOTUgr5pg61Qtq7pQPPfW43jxRpwjsdDzFVtnyB5YMlO8mBFushqAmGWQmBwrr91InzI5FVCN-38aE6yQmi6cCjEK7OQ1Boue1I97VWOtSnOsFw5FJ3knXUAL-_mLpszgYwZHqlntI3sQPFmjXepQ8jsHXRuYSbdDz48dusorJ_9cEEcYvP0u8mFFN4hyAcVi5f9rvZInkMdpnOPE7V7kR-6BOISax1D760epME4uwbgGQgvsyqBsYNcReejCp3jtjLH06lrBe0MTGnMdHx2vzohYCfu68dmQrWByprZVTb3DIAhuWzpUR8bx0cnAkclwDdIh7s_W9XAqKFmE-AFiHkmM8hUZbXSsoZhuD9sb02v-1pYlOhbujPrlbranWSWzLY3yZuomxQKMgLyllH4fADnvrVlBrQln7diuicDG1RDAbPkdxTPeo%3D
PubNub,4.2,Sales Engineer,Bangalore,"Be the key point of contact for providing technical assistance and product education in sales cycles Support the Sales team with deep technical knowledge of PubNub's APIs and SDKs and be the subject matter expert in customer calls and meetings, with travel as required Surface customer feedback to the PubNub Product Management team to drive product development Develop, document and share best practices & design patterns with customers BS or MS in Computer Science or equivalent MUST have 5+ years' experience in a highly technical pre- or post-sales role working collaboratively with both sales team members and end customers Must be conversant with common and popular client programming languages and technologies: Javascript, React, Java-Android, ReactNative, Kotlin, Unity, iOS Obj-C or Swift, Must be conversant with common and popular server programming languages and technologies: NodeJS, Java, C#, Go, Ruby, Python, PHP Familiar with networking concepts like TCP/IP and HTTP Curiosity and a strong drive to learn the inner workings of a sophisticated distributed real-time system Strong analytical and problem-solving skills World-class interpersonal and communication skills with an ability to effortlessly make complex technical details sound simple Ethical. Hands on. Passionate. Persistent. Creative. Personable. Productive. Motivated self-starter. Work from home Flexible shift Monday to Friday",https://www.glassdoor.com/partner/jobListing.htm?pos=122&ao=1110586&s=58&guid=0000018397a949f9b53d6265e2ed979f&src=GD_JOB_AD&t=SR&vt=w&ea=1&cs=1_ca9522f6&cb=1664696798373&jobListingId=1007163445676&cpc=F17331D9BECC482A&jrtk=3-0-1gebqiigqkhrb801-1gebqiih9ihnu800-65b57e41fbe58c70--6NYlbfkN0CPLKAPB3yxKuRq4ncd5RTzhIL8EME8vDjAtAzwGHMszzdWjGyggn11V511q_c3FId-da9vEdexohBOs9ms6_-mSwTHoqSs2qas5tUI9_KR6NVf4UF7wXRNO61d11dQu84SpHgmqx6Lkc8eWJcpX8ZU7vvJb0yBGWzbhc3_IOyUXWuB4G7FPIxQTF1DmdnlIXQtwGPfEDj1-UJ7f8Rs1pdES2FL285EnX9kHQlgpnbODZup6XUBJBXU7M--hRrP9OWng6_21RCmcFXnhLkdeqVfxJ7cfQ-tCQhORp_USNRh3Q3TmcnKv3Ms_ygWVBJmejOJOmrg5-vqnUWb8gHBnfRdVv_3XrpflvCqMm4yglwHVTgpiEVEDdwobFT3FhTnayit4DRg73Llw_LwRQGCZFzfG7hLgOMQW42qVs4o2HsmMjpxTDf4mbGYGlGrG4CjKacEQI10M6EdqpkwRd0XCJqBwuICj3LQWevHU9VCNpQugz9eCTlPIqLAYWQ4TJaDMlI%3D
Wells Fargo,3.6,Software Engineer,Bangalore,"
Participate in projects associated with the technology domain, including installation, upgrades, and deployment efforts 
Identify opportunity for service quality and availability within the technology domain environment 
Review and analyze technical assignments or challenges that are related to low to medium risk deliverables and that require research, evaluation, and selection of alternative technology domains 
Present recommendations for resolving issues or may escalate issues as needed to meet established service level agreements 
Exercise independent judgment while also developing understanding of given technology domain in reference to security and compliance requirements 
Collaborate and consult with technology colleagues, internal partners, and stakeholders 
2+ years of Software Engineering experience, or equivalent demonstrated through one or a combination of the following: work experience, training, military experience, education 
Experience in Software Engineering, or equivalent demonstrated through one or a combination of the following: work experience, training, military experience, education 
Knowledge and Experience with one programming language. preferably Python. 
Knowledge and Experience with one Configuration management tool. preferably Ansible. 
Knowledge of IT Infrastructure, Server, Storage, Network, Backup etc. 
Knowledge of DevOps and SRE 
Automation of IT Infrastructure",https://www.glassdoor.com/partner/jobListing.htm?pos=102&ao=1110586&s=58&guid=0000018397a949f9b53d6265e2ed979f&src=GD_JOB_AD&t=SR&vt=w&cs=1_8706d4b8&cb=1664696798370&jobListingId=1008169799990&cpc=A65DF3A704A48F9B&jrtk=3-0-1gebqiigqkhrb801-1gebqiih9ihnu800-8fbb7f31e2aedea0--6NYlbfkN0A0sLjryQUNkc81K2goHfqpo9JHml6Vo2yWT4XuRGLXtsN7afMoSAWdBecNwvrHUtAWFdOz_GJYjcTz5ojCg3QQCqTm-kCW3YUbd4qvO3UuuEjxjV985hQS3d2PHgqrOJcm5E2BqYopiLRorT2RfHC6L7sK2DGsOS1KFvM2Pe9K9HAeGn5tXrCoyyfzqPYlZBNR2P_IgBkkZlYunCZRAh_iHp80M87TeKc96N6YyBK2x9JX8HG6EBo8Qg36Ddczqnd4jxGoSl2tFx3hfHiNQgSiRo3JhhorZjA6yo3TUb_G4SERL-QkkB2wHPyvkq1kaFpCsZpQOt_FxtmG4IIlbyXJAg_gYZLIYWI2kJdoCYejLz5JkzpQOnGNxE6rKfVq5IuK7lbNu8QAEx3s15YYK-7FQCKgaQS86sNoUoh4MMcttWVjldZwGl-aIqIAB0MnVlKLWh9R1e9dHVbDNxncwtOGUCctIHSiYLleu_rLKcH93wYdOOLdQaEpTBeJq73e3a0kY2t_selOebwZ4ESXxk0HNYxi1OSCC586XDK1DDuhxQ0UcK0LvYnfUWQK_WWTE_MstdtgXrqMyByx8RxE3izSL1dgFBJ4gwZblMzoD7DRwnChraNBxximDnSMF5b2x1ctnZxycCh8HyGZlqaL0X40zvUyoKwViuvVAAx5BHqJte6nLV10NOtAFevHPQiEVyM-PE6ReIHON9UNAR2QarDOZtK5QQZIYFqAeBOo1r0x0jwlJaXdsMtHIAgtuJERyNpNOj7CBBpItXTYsgylbLlHv0za2GF4W4k%3D
Intuit,4.5,Senior Software Engineer- Full Stack,Bangalore,"Overview
Our formula for innovation begins with agile, cross-functional teams that welcome diverse perspectives and embrace collaboration. Inspirational working environments help spark fresh ideas, with state-of-the-art technology and creative workspaces that allow our team to decide how they want to work. And our shared commitment to make a meaningful impact for our customers helps us push the boundaries of technology to uncover new possibilities. If you have a commitment to excellence and a passion for innovation, come join our team.
What you'll bring
How you will leadShow more ",https://www.glassdoor.com/partner/jobListing.htm?pos=130&ao=1110586&s=58&guid=0000018397a949f9b53d6265e2ed979f&src=GD_JOB_AD&t=SR&vt=w&cs=1_a9b6cc83&cb=1664696798374&jobListingId=1008159681644&cpc=B101C867B3EF2D75&jrtk=3-0-1gebqiigqkhrb801-1gebqiih9ihnu800-04e28d746d919eec--6NYlbfkN0BKYl3zWsktiTMfhnn8eMRsNrNhPXFqHgxANdB9sZgO2kr3SSER2lZNJcRl7S-J_mapkkQgKpRLjcZz8NpcWc7WNuPbhg65P2sUEk-GeIF7TO9TmfJDZlvHpZ7bEe5m-AkwEgYTAIHPq-uZOXdfSPJrokQYqdisXHd567bvR-tf-sZdl_bdPZ7Z4-sPpt7Myh-d-IRxAmqJTZgQWvH_Q0ke20kEX4Si2SfKZun6Z78AUAjPmWBIcXRxf2UpHp8PiQ3nAVZClthyIwgb2JWC5Ewy_dfrGno9UG1IiBGXNQrM_K22hizbYtUe3wgLlMnsxzFuT16YJ0e4tZuQyu0PY1hGUTyJh4-sZlHRHIAUK6qCXr0CqHp5gh6s-bXBWFj_FgCeMxpWl2AYn7gDmDAYuULRUYL-YIPVN9204r_GWTJkXzMPJGm_oINCWCKZV0HpGvdQUNbgruenrrZ8c8VK3qHEZXYswLTei8pJL-uyTJcBlSE8TYvqXP2iIw-bCaQdP_wDiqG05l0o9EE4qBR-hwGJbX-wEuBHQCpPnM_9cAEaURlLnkqN5CWKJMv9Js91X8S9ljghy1bnrm97AHENDsKPZbEGUtd0fMmA25SDxDrlUg%3D%3D
Cloudstaff,4.6,Front End Developers,Remote,"Proven work experience as a Front End Developer Hands-on experience with markup languages Experience with JavaScript, CSS, and jQuery Work From Home India-based Morning shift",https://www.glassdoor.com/partner/jobListing.htm?pos=113&ao=1110586&s=58&guid=0000018397a949f9b53d6265e2ed979f&src=GD_JOB_AD&t=SR&vt=w&ea=1&cs=1_fcf11a9d&cb=1664696798372&jobListingId=1008169448839&cpc=F41FEAB56D215062&jrtk=3-0-1gebqiigqkhrb801-1gebqiih9ihnu800-43ccc6802b263ffd--6NYlbfkN0CQQqBaQlcAn2GiqR6lBglIS0esshPbe9JnqIpgzl2Ndl_EusFBUEx5WHFiKG-_s94Yrk2xSnsSPIOHiSG9R_5qpd_5v2kMEtN1HHFLcWHgxu5weSrRLUm2w-YcO-eKXWDbRs189SNbVWQY2uEtczpnBvF2oDN05soA9oamQH_Dac8VsOunyjI9bdSCqkHtavnADfExkAQv3TplZxdyzH7z2KY9ehfnF578s33RjI10CGbwFFZNQkU5RU8pXuwhzxMKho1bJYRGp0Ti4Qj29vZlAbh3Qn7I5Ml4IZfX20QpGIWsl4Cj9IzR4N19r8hRgzgfV62FXZXlg3wAyiRnZ7O63WzxVxGV47mtIOKmh_sKWW-B27WrIytdCXXcwDKFYQLB3She47EIt1MDbY6yHvqmN_qgkVGrvmiwe470zpDtfrGFp0C3m9zUYKXaEE8WmtdUC8oG8-XfpKJPQJc1N62xO-dva12R1dnwkBFanZrqWFxOClrdXzi_SOUgmq-ysmfc9foisKH-8A%3D%3D
Intuit,4.5,Staff Software Engineer- Full Stack,Bangalore,"Overview
Our formula for innovation begins with agile, cross-functional teams that welcome diverse perspectives and embrace collaboration. Inspirational working environments help spark fresh ideas, with state-of-the-art technology and creative workspaces that allow our team to decide how they want to work. And our shared commitment to make a meaningful impact for our customers helps us push the boundaries of technology to uncover new possibilities. If you have a commitment to excellence and a passion for innovation, come join our team.
What you'll bring
How you will leadShow more ",https://www.glassdoor.com/partner/jobListing.htm?pos=124&ao=1110586&s=58&guid=0000018397a949f9b53d6265e2ed979f&src=GD_JOB_AD&t=SR&vt=w&cs=1_72cd6a82&cb=1664696798373&jobListingId=1008159681646&cpc=AC285F3A3ECA6BB0&jrtk=3-0-1gebqiigqkhrb801-1gebqiih9ihnu800-054422af57497f94--6NYlbfkN0BKYl3zWsktiTMfhnn8eMRsNrNhPXFqHgxANdB9sZgO2kr3SSER2lZNJcRl7S-J_mapkkQgKpRLjTxg15H0DoQBrgfPtX-ma_QYZ0AqJAkXDeMBqLF1zwmugZgz2yyWNP5xUnTxWRbbqauo1y-zObj8w5oAu1gTe9G6KoLGpALMUKPrexYC1KD40NM1gqTo3TEJXRiI-5Xr3c7uFSrSxA8n8rfG89xjJRy-RcQkehJ8d6Le7PBBHW5lpN_wVx4C9W9GuDjC1SXdLo0nIzkgrXnZG_A2aj9wvfXA3FM_1ke10Y1-PI4x_-g7_HO0dFPMIQAEpssvnsiPK0nKdsPh4ylBWeqS1bZZ2Qts87UVIcQzjPHBa9Fp0Uz8yVfYltfYNdBklliiE_S3PDmDOY9sK1ZYQWlo-pSfD2hoicTd_o0NmBsa32VmSWlG2Ac-xqGSmmlEdo72rJ_iCjlmbinIcXX4U37g46tTs-7yF1yBT-l0XYCbGw_p4DZQVLTgVSr4K3h5smDNiY9JFUF68YmRYGMRd31-6VuUjeYOY-EWVIzEWAv9mAJHcp0OtWxRobhaS35xauu-K0PtMSajYD1hx9fJW28zb2wGAmE%3D
Cloudstaff,4.6,Web Developers,Remote,"Top-notch programming skills and in-depth knowledge of modern HTML/CSS Familiarity with at least one of the following programming languages: PHP, ASP.NET, Javascript, or Ruby on Rails A solid understanding of how web applications work including security, session management, and best development practices Work From Home India-based Morning shift",https://www.glassdoor.com/partner/jobListing.htm?pos=112&ao=1110586&s=58&guid=0000018397a949f9b53d6265e2ed979f&src=GD_JOB_AD&t=SR&vt=w&ea=1&cs=1_d5522d0f&cb=1664696798372&jobListingId=1008169447942&cpc=F41FEAB56D215062&jrtk=3-0-1gebqiigqkhrb801-1gebqiih9ihnu800-985f6997f6448b81--6NYlbfkN0CQQqBaQlcAn2GiqR6lBglIS0esshPbe9JnqIpgzl2Ndl_EusFBUEx5WHFiKG-_s94Yrk2xSnsSPMEiIQKVYxiqal8qHL1c7dxpR-05dCnb0Wd6ULT2KotjZ5UT6kA2XdVCq-j7-NtIpWDOOsHiEBk5ska4Sj0xgn_xuLEyX1PwrlMm4aYdr8nPvfGaiA0pp3qtxSTnkFsALLfHYqPpQluOaesyBMAmKOVgknVl-rKxXJKUH6d8DkUzNDwp7H_FEPYUoYXyOl6muxi8v-xwXzdxrWnCYIJJQRFY0pKCC4UtbCTFWL0MDkcyZW0-lVoEUSlCtLZpGQ0ZRau_NcFRD37FV8O0uKq-Py2aVRqePDeAjNqlC4fN_wvh-sZjhLpFJEGXXMWWx7kJFGBRYOf5Tkec0Q76IiA2twJvleDYASTgoKgt5tEanJsQdQoJdxMt6kRGuLzIvGKE-rGWmrbSOBMCZ83bHA5qQADYA2O4mDUHujuGbYEUZ6AYAF7rmVLNuqU%3D
Hippotigris,NA,Java Developer,Chennai,"Health insurance Paid sick time Paid time off Work from home Monday to Friday Chennai, Tamil Nadu: Reliably commute or planning to relocate before starting work (Required) Bachelor's (Required) Spring Boot: 2 years (Required) Java: 2 years (Required)",https://www.glassdoor.com/partner/jobListing.htm?pos=120&ao=1110586&s=58&guid=0000018397a949f9b53d6265e2ed979f&src=GD_JOB_AD&t=SR&vt=w&ea=1&cs=1_44206ae5&cb=1664696798373&jobListingId=1008169160500&cpc=9908D8D4413DBB8A&jrtk=3-0-1gebqiigqkhrb801-1gebqiih9ihnu800-8df5248366692acf--6NYlbfkN0CcANmHlAJ6gH7v33bn7T7ulqzPh5SyMr158eueQfNNxEunPC87XD_fRJF7vEyIYkzGgx_2oS4jhtiRIbdDEh5LNQo0-HKtqamU4a3BxPPC0NE51ZtOjaRPc6avPSOS7XH7H1usMLxYVdMSSupBSGFC6HivVUS0j9LVsGKA2KVqICnnN4QvRaKhaib_XMC0N7lIC2E5cIykBnd0guPRQeKNyZpINSp_q-QkV_PQ3FWKSZsWdHzSFYFXDrOJXcOZ83xqhQPuofwkpLhZAAq5bo3MwLii2j2tzIDSZo3h4OSJNvYBz8--XB9PrQE_BWSCX3muq3kxQI_HFKoyZfYALG8zOmmwKP6o6xXIvf0WnnIN0JYPFJ4LEvBwcDZe2C27DPj6qUFFx-5UJd_NhhT2pm3hmAxUuA-ZD1Qs3-lsRY1GspMFgvbNb3LuWPo4EC0I2gGBPxYtMxvTm9SI0Ka3gMHzKwPqrCcSaZNJJT7GroR3KL04AhbT9VTl
Deep Trekker Inc.,4.4,C++ Software Engineer (100% Remote),Mumbai,"Design, develop, test and improve the core program for a hand held ROV controller Troubleshooting, analyzing and resolving performance bottlenecks Design and implement robust software architectures for core backend subsystems Collaborate with team members to ensure our applications are usable, accessible and responsive Contribute to backend components of a Qt application, with a large codebase University degree in Software, Electrical/Electronics, Mechatronics, Computer Science, or related field Strong understanding of object-oriented software design principles Exceptional software developments skills in C++ Comfortable working in a Linux environment Familiarity with versioning control systems (Git) Experience with Qt/QML or similar C++ GUI development toolkits Experience with Embedded Linux platforms (Raspberry Pi or Beaglebone) Familiarity with Gstreamer Experience with Unix sockets and interprocess communication Experience with robotic systems Experience with Javascript Working at a growing company Challenging and exciting projects Evening shift Flexible shift C++: 1 year (Preferred)",https://www.glassdoor.com/partner/jobListing.htm?pos=127&ao=1110586&s=58&guid=0000018397a949f9b53d6265e2ed979f&src=GD_JOB_AD&t=SR&vt=w&ea=1&cs=1_1c1c563d&cb=1664696798374&jobListingId=1008106492331&cpc=F41FEAB56D215062&jrtk=3-0-1gebqiigqkhrb801-1gebqiih9ihnu800-f561ff0d21e1ff45--6NYlbfkN0BKHxJ4d4pYnh3a-wWO_OSwHWHU6jq82QA8fC-lFdh7KKrNxel9eUjTZ8zZbUXd2A2lC3lgloWiOLan9F4TnDTzlucFIadR8lN-dUeV-QFe2KjdAT6mX77jx67iC_oaRt9h9hWl9uHDGJy_vTe4Crp9tdL9LC5cesD-pjXpxqfolEP4nnfz5GsUD9ssQQT8PI5FHMkOF4R3rb6Bxt_DHKCYxV3y26BV_yW8NqCTXAJJAtHFVrCUunbpCxBFNpHcjUuV_U7e__GBqGuPRiAIGgIn5vccBCRrKl6bCYUxNVbkAui2LsqiYNEluuqxqzep5K2BtkwsDDJct1k23ux40AyuZAfH2ZqJG6Jik57aOnAA4dT2axtpFR8vIGCOM4SiGn1onq9AyYDYqtW_lvd2bxqSeHJBcbDoKppTk_aKrbydNNJO3baSBEeLlb526tHLvU2AAEQlHgybf5UY9OJMoQb9nihUEmX3ENME9UKEX5nvd0S-O9EPG2vZv9sMzjjEuThHJ6Ax5gdmvw%3D%3D
Google,4.5,"Software Test Engineer, Silicon Software",Bangalore,"
Bachelor's degree in Computer Science or equivalent practical experience 3 years of experience developing test automation in C++, Java, or Python 
Experience testing embedded systems Experience working with prototype devices Experience with Linux kernel driver development Experience with Android application development and interactive camera applications Excellent programming skills in Python Excellent programming skills in Java, C/C++, and Java Native Interface
 Create and implement test strategies by working with development teams to identify risk areas and fill testing gaps. Automate tests using existing test frameworks and work with the Engineering Productivity team to enhance and develop test frameworks based on test requirements. Triage and analyze test results and incoming feedback to identify areas for improvement.",https://www.glassdoor.com/partner/jobListing.htm?pos=106&ao=1110586&s=58&guid=0000018397a949f9b53d6265e2ed979f&src=GD_JOB_AD&t=SR&vt=w&cs=1_72edab1b&cb=1664696798371&jobListingId=1008139870382&cpc=8795CF9063CD573D&jrtk=3-0-1gebqiigqkhrb801-1gebqiih9ihnu800-dc72db6a6abd7c5c--6NYlbfkN0B6LV1r5rpdxHXQFKF2tEJssbaTH9yAUMN6EqMbe2y0Qap5MuimmHaZjIPXhaheLdO5hUN9Mccb65_cZMR7AodUsf4k36EFVODQ7tViaX5z369-wmNUP-AGffMOPxn-vTzacVudkH1WoEfaNrWdSxjebDi_XByQYIQ8-JUKVSt9Z2LD6pSEP_HsL_0Bbq_gdHfxbxz6KomUKTEPpV8ENE7RMYdlR0xoq0ufRNiDtTNETjYaS77MWFIXOMWDJAnH-r4a5MJjDjR2HPgHvfGK1nTf15X7RW5ilgNPeAEnGJM03g-4PfyHzgArBStYNf4gUWd9_QA_Oo5Hj_fM1o7Uwd4dCnF_eLaf-FWiFG-Uv3op4YvWdmT5tgZ08YNVBj2By2uBTmQ1Z7TqJ_3qvkGFXQrRiMWK6QeTKagFKQs4duU2UEB-i08E-_k6U72uZyoURrEcMGLZSXBu3ieBQoCLxjkys8i_9UO03bZPO4aEhEnhT58-Z1q6IT8j0Hb6AQlXjSedbciGVp5I_xiBMGuhnCh1bJWuTooX-qyrNTaEQWOtuJYhKXinUfK4g6PHx5orRDTG7A7QktezzqQp8vySYRt1Aa66NOXkZuRBwDE7vBeIp6rqE2_6NFLw_74ZOi-RH4ddoXYXdj8rBNppqgF3kl3a
Miles Technologies,4.4,Software Developer,Mumbai,"Work on Supporting and Improving production software systems, including analysis & troubleshooting of reported issues, implementing solutions, performance optimization, and bug fixing Perform regular proactive maintenance on systems and databases Enhance and extend functionality on existing systems through minor updates and more significant projects Publish updates to production systems via hotfixes and planned version releases Perform Business Logic and Functional Type Testing on completed development work Participant in all software support related activities including daily standup meetings, prioritization, work planning, and update reviews Bachelor’s Degree in a related field and at least 2-3 years of Full Stack Web Application Development Experience Platforms: Microsoft, Linux, Docker, GIT Web Development Technologies such as HTML, CSS and Bootstrap Client-Side Scripting Language such as Javascript, Typescript, Angular JS, Angular, Knockout JS or React Flexible schedule Health insurance Paid sick time Paid time off Work from home",https://www.glassdoor.com/partner/jobListing.htm?pos=114&ao=1110586&s=58&guid=0000018397a949f9b53d6265e2ed979f&src=GD_JOB_AD&t=SR&vt=w&cs=1_559b1f1a&cb=1664696798372&jobListingId=1007417783280&cpc=AC285F3A3ECA6BB0&jrtk=3-0-1gebqiigqkhrb801-1gebqiih9ihnu800-0b9eec4c8d19588b--6NYlbfkN0BVdf1B6PmM0EbVgUWLOgQvNQRrNviRWdVUeK6ei5hun-ZKKS2PiNu0hRCuZyixg2imqznSZhBI2TmOhsQRUJgv13sYvnuDEcFqtzKpUQRHp9379LO79D6CjNels8b1LluycuGg6KAaPKlz5qvsS2wQ2ENNSvVpOPQ7r4xeOD6ewUSliN3jzJhhtrAO5Iuwhfmlo8WqgvlEYc4m6WnKKM8J93oJbllfznq_ohpJ6wLY23YYVDRFBEGsVEHm5kmoqQkxdUMLD6dh54-ZybPXcxP12wZgPAa2DMZzNc1wiqXs9jz9oWk_nPyx6a6_k6L7tcuE00uKPZ-mMiGTOm5ukCqSMgJimnQ1BDqcXmzEAHK1LF-JJBHGfSYACfWE2PejOnAf00WUwj9FE-8aY1Ze3O9ezs62gc5YOQhDUOVgNHtaSVQhHj0b4Np07YiL2Mp_G4acY_Io6No2p1qz8hOj_Wh1liAxiUtQ6EDsst314CNMa8cr0OIy-0J89H6i4nW4dOtAXAjsgIJmPz_7kCIfV7WV
Viamagus Technologies Pvt Ltd,4.9,Node JS Developer,Bangalore,1-3 yrs Backend development experience Must have experience with Javascript with Promises Must have experience with NodeJs + Express Must have experience with Static Typing (Typescript OR knowledge of Java OR Python static typing/type checking) Must have experience building REST APIs Must have experience with DB Design (MySQL or Postgres) Must have experience with ORM (e.g. TypeORM) Must be comfortable with SQL queries Must have experience creating REST APIs Must have built and delivered an entire module or an entire project’s backend Must be comfortable with recursion and basic algorithms Experience & knowledge of Mongo is an added advantage Experience and ability to code in Java and/or Python as well are an added advantage (Java with Spring Boot and/or Python with Django / FastAPI / Flask) Good communication skills enjoy learning and teamwork Monday to Friday Weekend availability,https://www.glassdoor.com/partner/jobListing.htm?pos=119&ao=1110586&s=58&guid=0000018397a949f9b53d6265e2ed979f&src=GD_JOB_AD&t=SR&vt=w&ea=1&cs=1_5fd654a5&cb=1664696798373&jobListingId=1008153332185&cpc=2CAED5C921A5F994&jrtk=3-0-1gebqiigqkhrb801-1gebqiih9ihnu800-a91ef8221b30b56c--6NYlbfkN0AnRsfh5dF8lgB277G1eh_bDwslqzsDX5YMchIHdCKvgLnfs_zZRg_yoXwC44WJmLI2eehg7OWqBt7vukjtW9UWrJmAFtF2EPBQP08oK-r3x1tGXvI_660pJ9Yvy8p3qYWDFq0EvLSBuhe00nH-C95UGAlpY8xKhnKqODKfeXJsv3o69VGg0GdPfRZWKqPVvh2l3ZXYmTjuekNeWqev28U9mouYGbauRDGQysAsSoF2zZEQnQI_AFfqVL_ke7pLWc1090IvbV9U_h_8KNGQe2sIVJ4w5GqxiDymlOFQ0v8fDAWF2vzhmOgOGunmRqC1VlokFtlB-HGqSoUYE8HM_FG1ngiaeDHLWESINEph3TTQbXYzsIyDbSLgiXFbU9X_3F4OdPi1gWTifzonmYBYf-XFXEENNpWaL5FIqogsm7Tw5gOrJhpU-qRw0gp0DzatZmXp4toBg9xQ7OgJ6vZ2HB85lJM3k6dpGC6g0hgbdnF4rLNVlrex2Qfy
Google,4.5,"Software Engineer, Front End, Google Cloud",Bangalore,"
Bachelor’s degree or equivalent practical experience.
 1 year of experience with software development in one or more programming languages (e.g., Python, C, C++, Java, Javascript). 1 year of experience with data structures or algorithms. 
Master's degree or PhD in Computer Science or related technical field. 1 year of experience with front-end frameworks, full-stack development, and/or API development. Experience developing accessible technologies. Write product or system development code. Participate in, or lead design reviews with peers and stakeholders to decide amongst available technologies. Review code developed by other developers and provide feedback to ensure best practices (e.g., style guidelines, checking code in, accuracy, testability, and efficiency). Contribute to existing documentation or educational content and adapt content based on product/program updates and user feedback. Triage product or system issues and debug/track/resolve by analyzing the sources of issues and the impact on hardware, network, or service operations and quality.",https://www.glassdoor.com/partner/jobListing.htm?pos=118&ao=1110586&s=58&guid=0000018397a949f9b53d6265e2ed979f&src=GD_JOB_AD&t=SR&vt=w&cs=1_b800289f&cb=1664696798372&jobListingId=1008172398107&cpc=FD1C1DA32C38CFA7&jrtk=3-0-1gebqiigqkhrb801-1gebqiih9ihnu800-9b0824ac77af284c--6NYlbfkN0B6LV1r5rpdxHXQFKF2tEJssbaTH9yAUMN6EqMbe2y0Qap5MuimmHaZjIPXhaheLdPldmfVvOaq7SWMLHt3GkqOQlsSwpHpKCPogoCOsHtrx6QAjybQjz8Zg_Mq3PidhEMf4cOT176W2CTS0_YQ-ataSmotXRgRWCVtDw0-pTK-ErEtin8zMoZod98Hsui68Ll4ctogUChzQutNzZxrUf0Qbk4p5W1saBm78y7YvX1gEL8kxc4VZOZ4F7JjpxgIjqq7NHj9j5wMFRQJ957xLgARFRoLmnNxenblbxcMyBNfCUR3xKZO1CkN_5W7bCnWu8LetNKxg9XYzijxaZTYwrRHgl7NOIikaIaBF3bFs6JGJ1E3DiPYXywHqTzaE5I6p9VwORv53ctWRN0bpblG-vurgbAVsc8OSbED6vpfyd8dLDDdVBfzvvQByP4ZNXWUZaQbtNWjlthFBIfGJ2tSMbN-hEb_T8Of3yc4L-qNw_KHsJ-aIHgtVmwhCgKeWy50iCToXkyed93xr0mMPd-mU2IOrXSAbVWw6dcMyTKYqtG9xlMkbAc0Krg7F42GuSa7eBhP-_jAF9KDmpODBNy7mKZKgnIFMwmSjtBz72r1OQYHGnfyuF0MDTGwV9-2g7QcQPcMBpR08kHey2cIyUIPkVZz
Redgates IT Solutions,NA,Java Developer Internship,Remote,Specify the high level design of a system. Identify and resolve technical problems with a program. Analyze source code to identify errors in algorithms and logic. Create sample data for testing programs. Identify and resolve technical problems with computer hardware. Develop and implement performance metrics for computer systems. Evaluate solutions for creating effective websites. Write computer codes to make the internet easier to use. Resolve disputes between developers. Inform others on technical issues. Write blog posts about new releases of open-source software. Flexible schedule Day shift Flexible shift,https://www.glassdoor.com/partner/jobListing.htm?pos=111&ao=1110586&s=58&guid=0000018397a949f9b53d6265e2ed979f&src=GD_JOB_AD&t=SR&vt=w&ea=1&cs=1_52245506&cb=1664696798372&jobListingId=1008138970592&cpc=9908D8D4413DBB8A&jrtk=3-0-1gebqiigqkhrb801-1gebqiih9ihnu800-b84bf0834753b1dc--6NYlbfkN0BeugheP1F8WSThTsPDsuLR9JaP15vipNBNXr7uQ9KBW8MlrGO-zXpPk8E_Yda6LwVzoqc1NZ3lR9JLTW_QChznv0iDUWChCFT11Td-Z_3OW-PsYSwJOQDjtyeEljzJi2u5iWgMrsNrlxs0fhOCLb9jVGWSQlhoqmQwavTLGlwEVCuxKYhIxNC2hFe1_fKMIdSoiu5nJkyDm_LG6e9giC5U22SKrpKCqcobaMKgqUoKd9jYEwfMeuK7DQ60jMSXNPL3eQcjShOZcF_HUvqpz9ajrxFNL5GMeJWKBEktlWTNxWJ1WlPkyAXECBGv7CvhPmAO9XyXmogm7jlzrapWvn6SfUwfHO8sjN6qElAcr1wyiGIENaKYTBGxVboSm56SFBJ4a99KOnHGCd7aAO60L4mgiARA0AYliLDuWAjwuYCOKZ7A1RZzYarSvz9A9brIvClqVR7OrLT8Thcul_8ULJUDDMh8ZA_C8g7L8MlvoZAR3YPrRZp-nh9jp5-SzOT3Nzc%3D
Intuit,4.5,Software Engineer 2 - Full Stack,Bangalore,"Overview
Our formula for innovation begins with agile, cross-functional teams that welcome diverse perspectives and embrace collaboration. Inspirational working environments help spark fresh ideas, with state-of-the-art technology and creative workspaces that allow our team to decide how they want to work. And our shared commitment to make a meaningful impact for our customers helps us push the boundaries of technology to uncover new possibilities. If you have a commitment to excellence and a passion for innovation, come join our team.
What you'll bring
How you will leadShow more ",https://www.glassdoor.com/partner/jobListing.htm?pos=126&ao=1110586&s=58&guid=0000018397a949f9b53d6265e2ed979f&src=GD_JOB_AD&t=SR&vt=w&cs=1_1688e7f0&cb=1664696798374&jobListingId=1008159681643&cpc=C4A69CCDBB3B9599&jrtk=3-0-1gebqiigqkhrb801-1gebqiih9ihnu800-0c8617295944c5f6--6NYlbfkN0BKYl3zWsktiTMfhnn8eMRsNrNhPXFqHgxANdB9sZgO2kr3SSER2lZNJcRl7S-J_mapkkQgKpRLjR12zRxb9aWt-EaLvaT8vFo40wl64FOkc7x_rTIROKhsB6Tp3IlPgQ8tPjQY_QQYVPjHAS61Tcn4Nmk-AdGDGxBOES6uPN9LOV-FPSB9RmRh65OsvC5HmrUykQkSLXTEmHEeC2nA7EeLCVBQvHeUN5NXBdtTacUWxf-ZSwHipl1DOpt1RVHWaflMHt6fotE6IV4z4Qde8-0MymPGEW-aFMJMIcFgmmfczrH2aHnbXTDSFFbGLz7vDoUv5jv56aDbYA3T9_V2rhN1p4Lcu4vUxw2lEqvp4ACZaPSWOOzFsfny63SFKQ_uTkdcl5O5WHtPkMcw1se6wkjh_YdhYg4ffZAx7E6DtOi1BR5Tkn_Fd9GWNURsql4LnHxIsoaWvGVVIll2JC7szVKKccduWGJ4Ha8USECsZhQLCRIPjwrdPnW-d6oBK2TBJotYPqQW9YRUvxqU1jmlAnSsU7CooWLGnWvNBWUU7f5u5LPxcCcACf9xMSho-S5k38AJvMafoKf7w6TDzly4GPLnVG7wP-hJBmU%3D
Cloudstaff,4.6,Back End Developers,Remote,"Proven work experience as a Back End Developer In-depth understanding of the entire web development process (design, development, and deployment) Hands on experience with programming languages like Java, Ruby, PHP and Python Work From Home India-based Morning shift",https://www.glassdoor.com/partner/jobListing.htm?pos=117&ao=1110586&s=58&guid=0000018397a949f9b53d6265e2ed979f&src=GD_JOB_AD&t=SR&vt=w&ea=1&cs=1_4e7e6a5f&cb=1664696798372&jobListingId=1008169448728&cpc=F41FEAB56D215062&jrtk=3-0-1gebqiigqkhrb801-1gebqiih9ihnu800-e6c00991ef296f10--6NYlbfkN0CQQqBaQlcAn2GiqR6lBglIS0esshPbe9JnqIpgzl2Ndl_EusFBUEx5WHFiKG-_s94Yrk2xSnsSPGkUjvtJXtj8t_nFfVMnngyIZdB7iaUWQIBzYP9OBEA_iTsnuu447EqKawkQcqkTX8u7R2Tmw4TNtA9ve-nCeeHuP8P6Ux_y8CzA6M9L9MrYy9c7c1-XqldVJeswak3uMul_f8ThUlinctYhD8_c0FKf9Mmrdp2507Tr4QkW8aEGmGIyuyaa4OUvoQgJrZQrqGRgFecbXtI5n-cD15WJ2Mswufp6aHSZxQF224FqtSsIkszE4ZYkHM36Ph7-uxIMlRkeiOdvpXy69ZTnrOeF0SyeLBzIjSDXFp6hOXO3qEkr-Ilmi-qfif1kIjHdDgn4diFTddoQ1S7nA7m3IkYqca5MpKObhlmX25qXZYv5qBL5QmU4t4jZE2fh8qaezQkKMTq8QiTdKdHpsbgl3qOV8GyQcdOKO33tsgQvpekPu6i8qpldja-6WerQNlzs_JZnuw%3D%3D
